case,k,sample,Delta,D_objective,frobenius_error,column_norm_error
two_prior_common_optimal_set,3,1,2.214109084914717,-2.2449831249161054e+00,2.2204460492503131e-16,2.2204460492503131e-16
two_prior_common_optimal_set,3,2,2.214109084914717,-2.2449831249161054e+00,3.1401849173675503e-16,0.0000000000000000e+00
two_prior_common_optimal_set,3,3,2.214109084914717,-2.2449831249161059e+00,9.6786999382662530e-16,2.2204460492503131e-16
two_prior_common_optimal_set,3,4,2.214109084914717,-2.2449831249161054e+00,2.2204460492503131e-16,1.1102230246251565e-16
two_prior_common_optimal_set,3,5,2.214109084914717,-2.2449831249161054e+00,3.1401849173675503e-16,1.1102230246251565e-16
two_prior_common_optimal_set,3,6,2.214109084914717,-2.2449831249161054e+00,5.4389598220420729e-16,1.1102230246251565e-16
two_prior_common_optimal_set,3,7,2.214109084914717,-2.2449831249161059e+00,7.6918507455342553e-16,4.4408920985006262e-16
two_prior_common_optimal_set,3,8,2.214109084914717,-2.2449831249161054e+00,4.9650683064945462e-16,2.2204460492503131e-16
two_prior_common_optimal_set,3,9,2.214109084914717,-2.2449831249161054e+00,5.4389598220420729e-16,0.0000000000000000e+00
two_prior_common_optimal_set,3,10,2.214109084914717,-2.2449831249161054e+00,4.4408920985006262e-16,0.0000000000000000e+00
two_prior_common_optimal_set,3,11,2.214109084914717,-2.2449831249161059e+00,7.6918507455342553e-16,2.2204460492503131e-16
two_prior_common_optimal_set,3,12,2.214109084914717,-2.2449831249161054e+00,3.8459253727671276e-16,2.2204460492503131e-16
two_prior_common_optimal_set,4,1,2.214109084914717,-2.5465312616437714e+00,1.2755491433176288e-15,2.2204460492503131e-16
two_prior_common_optimal_set,4,2,2.214109084914717,-2.5465312616437705e+00,3.8459253727671276e-16,2.2204460492503131e-16
two_prior_common_optimal_set,4,3,2.214109084914717,-2.5465312616437705e+00,7.0216669371534024e-16,0.0000000000000000e+00
two_prior_common_optimal_set,4,4,2.214109084914717,-2.5465312616437710e+00,7.3643864125902954e-16,2.2204460492503131e-16
two_prior_common_optimal_set,4,5,2.214109084914717,-2.5465312616437710e+00,8.0059320849734419e-16,2.2204460492503131e-16
two_prior_common_optimal_set,4,6,2.214109084914717,-2.5465312616437705e+00,7.0216669371534024e-16,2.2204460492503131e-16
two_prior_common_optimal_set,4,7,2.214109084914717,-2.5465312616437705e+00,7.0216669371534024e-16,2.2204460492503131e-16
two_prior_common_optimal_set,4,8,2.214109084914717,-2.5465312616437710e+00,8.5997505698985167e-16,2.2204460492503131e-16
two_prior_common_optimal_set,4,9,2.214109084914717,-2.5465312616437705e+00,5.8747480459522066e-16,0.0000000000000000e+00
two_prior_common_optimal_set,4,10,2.214109084914717,-2.5465312616437705e+00,4.9650683064945462e-16,1.1102230246251565e-16
two_prior_common_optimal_set,4,11,2.214109084914717,-2.5465312616437705e+00,5.4389598220420729e-16,2.2204460492503131e-16
two_prior_common_optimal_set,4,12,2.214109084914717,-2.5465312616437714e+00,1.1102230246251565e-15,2.2204460492503131e-16
two_prior_common_optimal_set,5,1,2.214109084914717,-2.8085141229881261e+00,9.9301366129890925e-16,2.2204460492503131e-16
two_prior_common_optimal_set,5,2,2.214109084914717,-2.8085141229881261e+00,9.4205547521026495e-16,3.3306690738754696e-16
two_prior_common_optimal_set,5,3,2.214109084914717,-2.8085141229881261e+00,1.0414815143241340e-15,2.2204460492503131e-16
two_prior_common_optimal_set,5,4,2.214109084914717,-2.8085141229881261e+00,9.4205547521026495e-16,2.2204460492503131e-16
two_prior_common_optimal_set,5,5,2.214109084914717,-2.8085141229881265e+00,1.2947314098277875e-15,4.4408920985006262e-16
two_prior_common_optimal_set,5,6,2.214109084914717,-2.8085141229881261e+00,9.9301366129890925e-16,2.2204460492503131e-16
two_prior_common_optimal_set,5,7,2.214109084914717,-2.8085141229881265e+00,1.2560739669470201e-15,2.2204460492503131e-16
two_prior_common_optimal_set,5,8,2.214109084914717,-2.8085141229881265e+00,1.2947314098277875e-15,2.2204460492503131e-16
two_prior_common_optimal_set,5,9,2.214109084914717,-2.8085141229881265e+00,1.2947314098277875e-15,2.2204460492503131e-16
two_prior_common_optimal_set,5,10,2.214109084914717,-2.8085141229881261e+00,9.4205547521026495e-16,2.2204460492503131e-16
two_prior_common_optimal_set,5,11,2.214109084914717,-2.8085141229881261e+00,1.0414815143241340e-15,2.2204460492503131e-16
two_prior_common_optimal_set,5,12,2.214109084914717,-2.8085141229881261e+00,9.9301366129890925e-16,1.1102230246251565e-16
two_prior_common_optimal_set,6,1,2.214109084914717,-3.0401202025657676e+00,1.2947314098277875e-15,2.2204460492503131e-16
two_prior_common_optimal_set,6,2,2.214109084914717,-3.0401202025657676e+00,1.0877919644084146e-15,2.2204460492503131e-16
two_prior_common_optimal_set,6,3,2.214109084914717,-3.0401202025657672e+00,4.4408920985006262e-16,2.2204460492503131e-16
two_prior_common_optimal_set,6,4,2.214109084914717,-3.0401202025657676e+00,1.2947314098277875e-15,2.2204460492503131e-16
two_prior_common_optimal_set,6,5,2.214109084914717,-3.0401202025657672e+00,5.4389598220420729e-16,2.2204460492503131e-16
two_prior_common_optimal_set,6,6,2.214109084914717,-3.0401202025657672e+00,6.2803698347351007e-16,1.1102230246251565e-16
two_prior_common_optimal_set,6,7,2.214109084914717,-3.0401202025657672e+00,6.2803698347351007e-16,2.2204460492503131e-16
two_prior_common_optimal_set,6,8,2.214109084914717,-3.0401202025657672e+00,5.4389598220420729e-16,1.1102230246251565e-16
two_prior_common_optimal_set,6,9,2.214109084914717,-3.0401202025657676e+00,1.2947314098277875e-15,2.2204460492503131e-16
two_prior_common_optimal_set,6,10,2.214109084914717,-3.0401202025657676e+00,1.0414815143241340e-15,1.1102230246251565e-16
two_prior_common_optimal_set,6,11,2.214109084914717,-3.0401202025657676e+00,1.2947314098277875e-15,4.4408920985006262e-16
two_prior_common_optimal_set,6,12,2.214109084914717,-3.0401202025657672e+00,3.1401849173675503e-16,2.2204460492503131e-16
two_prior_common_optimal_set,7,1,2.214109084914717,-3.2476675854356656e+00,9.9301366129890925e-16,2.2204460492503131e-16
two_prior_common_optimal_set,7,2,2.214109084914717,-3.2476675854356656e+00,5.4389598220420729e-16,2.2204460492503131e-16
two_prior_common_optimal_set,7,3,2.214109084914717,-3.2476675854356656e+00,1.2947314098277875e-15,2.2204460492503131e-16
two_prior_common_optimal_set,7,4,2.214109084914717,-3.2476675854356656e+00,1.0414815143241340e-15,2.2204460492503131e-16
two_prior_common_optimal_set,7,5,2.214109084914717,-3.2476675854356656e+00,1.2560739669470201e-15,2.2204460492503131e-16
two_prior_common_optimal_set,7,6,2.214109084914717,-3.2476675854356656e+00,6.2803698347351007e-16,2.2204460492503131e-16
two_prior_common_optimal_set,7,7,2.214109084914717,-3.2476675854356656e+00,1.1749496091904413e-15,2.2204460492503131e-16
two_prior_common_optimal_set,7,8,2.214109084914717,-3.2476675854356656e+00,9.9301366129890925e-16,2.2204460492503131e-16
two_prior_common_optimal_set,7,9,2.214109084914717,-3.2476675854356656e+00,1.2947314098277875e-15,2.2204460492503131e-16
two_prior_common_optimal_set,7,10,2.214109084914717,-3.2476675854356656e+00,1.0414815143241340e-15,2.2204460492503131e-16
two_prior_common_optimal_set,7,11,2.214109084914717,-3.2476675854356656e+00,9.4205547521026495e-16,2.2204460492503131e-16
two_prior_common_optimal_set,7,12,2.214109084914717,-3.2476675854356656e+00,8.8817841970012523e-16,2.2204460492503131e-16
two_prior_common_optimal_set,8,1,2.214109084914717,-3.4356875725557741e+00,1.3687748718835771e-15,2.2204460492503131e-16
two_prior_common_optimal_set,8,2,2.214109084914717,-3.4356875725557736e+00,5.4389598220420729e-16,2.2204460492503131e-16
two_prior_common_optimal_set,8,3,2.214109084914717,-3.4356875725557741e+00,8.8817841970012523e-16,2.2204460492503131e-16
two_prior_common_optimal_set,8,4,2.214109084914717,-3.4356875725557741e+00,8.8817841970012523e-16,2.2204460492503131e-16
two_prior_common_optimal_set,8,5,2.214109084914717,-3.4356875725557741e+00,9.4205547521026495e-16,2.2204460492503131e-16
two_prior_common_optimal_set,8,6,2.214109084914717,-3.4356875725557741e+00,1.2560739669470201e-15,2.2204460492503131e-16
two_prior_common_optimal_set,8,7,2.214109084914717,-3.4356875725557736e+00,5.4389598220420729e-16,2.2204460492503131e-16
two_prior_common_optimal_set,8,8,2.214109084914717,-3.4356875725557741e+00,9.4205547521026495e-16,2.2204460492503131e-16
two_prior_common_optimal_set,8,9,2.214109084914717,-3.4356875725557741e+00,1.2947314098277875e-15,2.2204460492503131e-16
two_prior_common_optimal_set,8,10,2.214109084914717,-3.4356875725557741e+00,1.2947314098277875e-15,2.2204460492503131e-16
two_prior_common_optimal_set,8,11,2.214109084914717,-3.4356875725557741e+00,9.4205547521026495e-16,2.2204460492503131e-16
two_prior_common_optimal_set,8,12,2.214109084914717,-3.4356875725557741e+00,1.0414815143241340e-15,2.2204460492503131e-16
two_prior_common_optimal_set,9,1,2.214109084914717,-3.6075407637883812e+00,9.4205547521026495e-16,1.1102230246251565e-16
two_prior_common_optimal_set,9,2,2.214109084914717,-3.6075407637883812e+00,8.8817841970012523e-16,2.2204460492503131e-16
two_prior_common_optimal_set,9,3,2.214109084914717,-3.6075407637883812e+00,9.4205547521026495e-16,2.2204460492503131e-16
two_prior_common_optimal_set,9,4,2.214109084914717,-3.6075407637883812e+00,1.2947314098277875e-15,4.4408920985006262e-16
two_prior_common_optimal_set,9,5,2.214109084914717,-3.6075407637883812e+00,9.4205547521026495e-16,2.2204460492503131e-16
two_prior_common_optimal_set,9,6,2.214109084914717,-3.6075407637883812e+00,9.4205547521026495e-16,2.2204460492503131e-16
two_prior_common_optimal_set,9,7,2.214109084914717,-3.6075407637883812e+00,1.2560739669470201e-15,2.2204460492503131e-16
two_prior_common_optimal_set,9,8,2.214109084914717,-3.6075407637883812e+00,1.2560739669470201e-15,2.2204460492503131e-16
two_prior_common_optimal_set,9,9,2.214109084914717,-3.6075407637883812e+00,9.4205547521026495e-16,2.2204460492503131e-16
two_prior_common_optimal_set,9,10,2.214109084914717,-3.6075407637883812e+00,1.2560739669470201e-15,2.2204460492503131e-16
two_prior_common_optimal_set,9,11,2.214109084914717,-3.6075407637883812e+00,9.4205547521026495e-16,2.2204460492503131e-16
two_prior_common_optimal_set,9,12,2.214109084914717,-3.6075407637883812e+00,1.8038988979531736e-15,2.2204460492503131e-16
two_prior_common_optimal_set,10,1,2.214109084914717,-3.7657885552437986e+00,1.2560739669470201e-15,2.2204460492503131e-16
two_prior_common_optimal_set,10,2,2.214109084914717,-3.7657885552437991e+00,1.9860273225978185e-15,2.2204460492503131e-16
two_prior_common_optimal_set,10,3,2.214109084914717,-3.7657885552437982e+00,9.4205547521026495e-16,2.2204460492503131e-16
two_prior_common_optimal_set,10,4,2.214109084914717,-3.7657885552437982e+00,8.8817841970012523e-16,2.2204460492503131e-16
two_prior_common_optimal_set,10,5,2.214109084914717,-3.7657885552437986e+00,1.2560739669470201e-15,2.2204460492503131e-16
two_prior_common_optimal_set,10,6,2.214109084914717,-3.7657885552437982e+00,8.8817841970012523e-16,2.2204460492503131e-16
two_prior_common_optimal_set,10,7,2.214109084914717,-3.7657885552437982e+00,9.4205547521026495e-16,2.2204460492503131e-16
two_prior_common_optimal_set,10,8,2.214109084914717,-3.7657885552437986e+00,1.2560739669470201e-15,4.4408920985006262e-16
two_prior_common_optimal_set,10,9,2.214109084914717,-3.7657885552437982e+00,9.4205547521026495e-16,2.2204460492503131e-16
two_prior_common_optimal_set,10,10,2.214109084914717,-3.7657885552437986e+00,1.2947314098277875e-15,2.2204460492503131e-16
two_prior_common_optimal_set,10,11,2.214109084914717,-3.7657885552437982e+00,9.4205547521026495e-16,2.2204460492503131e-16
two_prior_common_optimal_set,10,12,2.214109084914717,-3.7657885552437982e+00,8.8817841970012523e-16,2.2204460492503131e-16
two_prior_common_optimal_set,11,1,2.214109084914717,-3.9124280483871710e+00,2.0829630286482680e-15,4.4408920985006262e-16
two_prior_common_optimal_set,11,2,2.214109084914717,-3.9124280483871705e+00,9.4205547521026495e-16,2.2204460492503131e-16
two_prior_common_optimal_set,11,3,2.214109084914717,-3.9124280483871705e+00,9.4205547521026495e-16,4.4408920985006262e-16
two_prior_common_optimal_set,11,4,2.214109084914717,-3.9124280483871705e+00,9.4205547521026495e-16,2.2204460492503131e-16
two_prior_common_optimal_set,11,5,2.214109084914717,-3.9124280483871705e+00,9.4205547521026495e-16,2.2204460492503131e-16
two_prior_common_optimal_set,11,6,2.214109084914717,-3.9124280483871705e+00,9.4205547521026495e-16,2.2204460492503131e-16
two_prior_common_optimal_set,11,7,2.214109084914717,-3.9124280483871705e+00,8.8817841970012523e-16,3.3306690738754696e-16
two_prior_common_optimal_set,11,8,2.214109084914717,-3.9124280483871705e+00,8.8817841970012523e-16,2.2204460492503131e-16
two_prior_common_optimal_set,11,9,2.214109084914717,-3.9124280483871705e+00,1.2947314098277875e-15,2.2204460492503131e-16
two_prior_common_optimal_set,11,10,2.214109084914717,-3.9124280483871705e+00,3.1401849173675503e-16,2.2204460492503131e-16
two_prior_common_optimal_set,11,11,2.214109084914717,-3.9124280483871705e+00,1.5700924586837751e-15,2.2204460492503131e-16
two_prior_common_optimal_set,11,12,2.214109084914717,-3.9124280483871710e+00,2.0106994154417229e-15,4.4408920985006262e-16
